title,description
Arts and Culture,"Explore the world of creativity, from visual arts to performing arts and cultural heritage."
Automotive,"Dive into the world of cars, motorcycles, and the automotive industry."
Beauty and Fashion,"Stay updated on the latest trends in beauty, fashion, and personal style."
Business and Finance,"Navigate the complex world of business, finance, and entrepreneurship."
Career and Work,"Explore topics related to career development, job satisfaction, and the workplace."
Community and Social Groups,"Connect with others through shared interests, local events, and community involvement."
Current Events,"Stay informed on the latest news, global issues, and events happening around the world."
Education,"Delve into topics related to learning, teaching, and the educational system."
Entertainment,"Discover the latest in movies, TV shows, music, and pop culture."
Environmental Issues,"Examine the pressing environmental concerns facing our planet today."
Food and Drink,"Indulge in the world of culinary delights, from recipes to restaurant reviews."
Health and Wellness,"Focus on physical and mental well-being, health trends, and fitness."
Hobbies and Interests,"Explore various hobbies, pastimes, and personal interests."
Home and Garden,"Get tips and inspiration for home improvement, gardening, and interior design."
Internet and Technology,"Understand the impact of the internet and technology on society and daily life."
Lifestyle,"Explore topics related to living well, from personal habits to overall lifestyle."
Marketing and Advertising,"Learn about the strategies behind successful marketing and advertising campaigns."
Movies,"Dive into the world of cinema, from blockbusters to indie films."
Music,"Explore the diverse genres, artists, and trends in the music industry."
News and Media,"Examine the role of media in society and stay informed about current affairs."
Nutrition,"Discover the science of nutrition and its impact on health and well-being."
Other,"A miscellaneous category for surveys that don't fit into other predefined categories."
Outdoor Activities,"Embark on exciting adventures in the great outdoors, from hiking trails to thrilling sports."
Paranormal Investigations,"Delve into the mysterious and unexplained, exploring the realms of the supernatural."
Parenting,"Discover the joys and challenges of raising happy, healthy, and compassionate children."
Parenting and Family,"Nurturing love, laughter, and strong bonds within your family is a beautiful journey."
Pets and Animals,"Celebrate the incredible world of animals, from pets to wildlife, and their unique stories."
Philosophy and Ethics,"Explore timeless questions, moral dilemmas, and the foundations of ethical thought."
Politics,"Navigate the intricate world of government, policies, and the forces shaping our society."
Quiz,"Test your knowledge or challenge others with a variety of quizzes."
Relationships,"Uncover the complexities of human connections, from love and friendship to family dynamics."
Religion,"Journey through diverse faiths, beliefs, and spiritual practices that shape our world."
Science,"Unearth the wonders of the natural world, from the cosmos to microscopic life forms."
Science and Innovation,"Dive into the frontiers of scientific discovery and technological advancements."
Self-Help and Personal Development,"Embark on a path of self-discovery and growth to unlock your full potential."
Social Issues,"Delve into critical matters impacting society, from inequality to environmental concerns."
Social Media and Networking,"Navigate the digital landscape of connectivity, communication, and online communities."
Space Exploration,"Embark on a cosmic journey, exploring the mysteries of the universe and beyond."
Sports,"Dive into the world of athletics, from iconic matches to the stories of remarkable athletes."
Student or Parent Feedback,"Provide insights and feedback on educational experiences and parenting challenges."
Survey Category,"A general category for all types of surveys."
Sustainable Living,"Embrace eco-friendly practices and sustainable choices for a greener tomorrow."
Technology,"Discover the latest innovations, gadgets, and tech trends shaping the modern world."
Travel,"Plan your next adventure with insights into travel tips, destinations, and experiences."
Travel Destinations,"Embark on virtual adventures to captivating travel destinations worldwide."
Urban Exploration,"Uncover hidden gems and urban wonders in bustling cities around the globe."
Vintage Collectibles,"Explore the world of vintage treasures, from retro memorabilia to antique finds."
Vote or Poll,"Express your opinion or gather opinions from others through votes and polls."
Weather and Climate,"Understand the patterns of weather and the impact of climate change."
Wellness and Fitness,"Focus on achieving a balanced lifestyle through fitness and wellness practices."
Work-Life Balance,"Explore strategies for maintaining a healthy balance between work and personal life."
